,precision,recall,f1-score,support
B cell,0.9276350288411117,0.9389596602972399,0.9332629912951728,1884.0
"CD4-positive, alpha-beta T cell",0.8681742967457253,0.8749305169538633,0.8715393133997785,1799.0
"CD8-positive, alpha-beta T cell",0.9265335235378032,0.8634097706879362,0.8938585928092208,3009.0
alpha-beta T cell,0.43137254901960786,0.7051282051282052,0.5352798053527981,468.0
dendritic cell,0.4395833333333333,0.8978723404255319,0.5902097902097903,235.0
monocyte,0.9828216955622714,0.8466703206357906,0.9096797938903202,7298.0
natural killer cell,0.6085470085470085,0.8725490196078431,0.7170191339375629,408.0
platelet,0.1232638888888889,0.6120689655172413,0.20520231213872833,116.0
accuracy,0.8600906880462641,0.8600906880462641,0.8600906880462641,0.8600906880462641
macro avg,0.6634914155594688,0.8264485999067064,0.7070064666291715,15217.0
weighted avg,0.9093679626466268,0.8600906880462641,0.8779777792232266,15217.0
